{"cameraMode":{"drawMode":0,"name":"Shaded","section":"Shading Mode"},"sceneLighting":false,"audioPlay":false,"sceneViewState":{"m_AlwaysRefresh":false,"showFog":true,"showSkybox":false,"showFlares":true,"showImageEffects":true,"showParticleSystems":true,"showVisualEffectGraphs":true,"m_FxEnabled":true},"in2DMode":false,"pivot":{"x":0.9788546562194824,"y":-0.40646034479141238,"z":3.3682034015655519},"rotation":{"x":-0.11962217092514038,"y":-0.23098477721214295,"z":0.02862318605184555,"w":-0.9651625156402588},"size":1.7141932249069214,"orthographic":false}