{"cameraMode":{"drawMode":0,"name":"Shaded","section":"Shading Mode"},"sceneLighting":false,"audioPlay":false,"sceneViewState":{"m_AlwaysRefresh":false,"showFog":true,"showSkybox":false,"showFlares":true,"showImageEffects":true,"showParticleSystems":true,"showVisualEffectGraphs":true,"m_FxEnabled":true},"in2DMode":false,"pivot":{"x":-11.334425926208496,"y":4.175849914550781,"z":-7.465886116027832},"rotation":{"x":-0.007164652459323406,"y":-0.9771730303764343,"z":0.21012099087238313,"w":-0.03258473798632622},"size":1.3472602367401124,"orthographic":false}