{"cameraMode":{"drawMode":0,"name":"Shaded","section":"Shading Mode"},"sceneLighting":false,"audioPlay":false,"sceneViewState":{"m_AlwaysRefresh":false,"showFog":true,"showSkybox":false,"showFlares":true,"showImageEffects":true,"showParticleSystems":true,"showVisualEffectGraphs":true,"m_FxEnabled":true},"in2DMode":false,"pivot":{"x":0.04689861088991165,"y":0.03375857323408127,"z":0.026913458481431009},"rotation":{"x":-0.16275420784950257,"y":-0.5847055912017822,"z":0.12114831060171128,"w":-0.785477340221405},"size":0.2939879894256592,"orthographic":false}