{"cameraMode":{"drawMode":0,"name":"Shaded","section":"Shading Mode"},"sceneLighting":false,"audioPlay":false,"sceneViewState":{"m_AlwaysRefresh":false,"showFog":true,"showSkybox":false,"showFlares":true,"showImageEffects":true,"showParticleSystems":true,"showVisualEffectGraphs":true,"m_FxEnabled":true},"in2DMode":false,"pivot":{"x":2.0977060794830324,"y":-0.1645166575908661,"z":0.35771307349205019},"rotation":{"x":0.059521518647670749,"y":0.678306519985199,"z":-0.055265285074710849,"w":0.7303091883659363},"size":1.7486740350723267,"orthographic":false}