{"cameraMode":{"drawMode":0,"name":"Shaded","section":"Shading Mode"},"sceneLighting":false,"audioPlay":false,"sceneViewState":{"m_AlwaysRefresh":false,"showFog":true,"showSkybox":false,"showFlares":true,"showImageEffects":true,"showParticleSystems":true,"showVisualEffectGraphs":true,"m_FxEnabled":true},"in2DMode":false,"pivot":{"x":-0.0011813640594482422,"y":0.09972721338272095,"z":0.7798953056335449},"rotation":{"x":-0.1136593371629715,"y":-0.5958018898963928,"z":0.08566546440124512,"w":-0.7904378175735474},"size":1.9647471904754639,"orthographic":false}