{"cameraMode":{"drawMode":0,"name":"Shaded","section":"Shading Mode"},"sceneLighting":false,"audioPlay":false,"sceneViewState":{"m_AlwaysRefresh":false,"showFog":true,"showSkybox":false,"showFlares":true,"showImageEffects":true,"showParticleSystems":true,"showVisualEffectGraphs":true,"m_FxEnabled":true},"in2DMode":false,"pivot":{"x":0.06839567422866821,"y":0.1684064269065857,"z":-0.6166179180145264},"rotation":{"x":-0.1136593371629715,"y":-0.5958018898963928,"z":0.08566546440124512,"w":-0.7904378175735474},"size":2.1712687015533449,"orthographic":false}