{"cameraMode":{"drawMode":0,"name":"Shaded","section":"Shading Mode"},"sceneLighting":false,"audioPlay":false,"sceneViewState":{"m_AlwaysRefresh":false,"showFog":true,"showSkybox":false,"showFlares":true,"showImageEffects":true,"showParticleSystems":true,"showVisualEffectGraphs":true,"m_FxEnabled":true},"in2DMode":false,"pivot":{"x":0.7595102190971375,"y":-0.13958795368671418,"z":0.6197414994239807},"rotation":{"x":-0.48651057481765749,"y":0.07764282822608948,"z":-0.04346202686429024,"w":-0.8691326975822449},"size":1.4386916160583497,"orthographic":false}